{"z_rms": 10.13,
 "y_rms": 0.62,
  "std_z": 1.32,
   "x_max": 2.94,
    "x_read": [63.33, 6.271583363644469, 7.767471415010006, 3.2158052634398087, 6.144774938866335, 1.613681376822003, 4.146244006539357, 3.6706463180311886, 6.576659865592214, 2.5267436793037845, 2.1873166545005835, 6.850344868659937, 10.547050180205847, 6.692954579307634, 7.012523316494914, 2.3983329988822675, 20.188879680224193, 3.115976214820678, 11.002603860372085, 2.541117277315947, 8.325162433680005, 2.2287940120828713, 4.200450774726268, 3.832059643247665, 2.8945062214651065, 3.0754024623737903, 2.926026465720357, 4.850440787409505, 1.2915211584682853, 4.2525990782200855, 4.42541221536722, 4.667829003689592, 5.278075181717442, 2.257293758161914, 10.003087447179979, 5.048620045954966, 2.9548353356231325, 2.538692008606734, 5.694131589912569, 4.421662925361125, 5.2952097626440855, 1.8842550943158838, 3.6797076177364354, 11.9522441339051, 10.50913598917212, 12.833354894295526, 38.09472835844281, 20.032913077643865, 7.387373511120272, 7.873253371242884, 0.7372923436466725, 2.490482287927299, 9.593446914419783, 8.599655807414857, 4.422478689084579, 8.65557344481584, 6.580502426732138, 9.002881799028147, 6.68132379295024, 5.334070570218682, 20.32322342594021, 22.739687553339163, 71.97802262444036, 68.69498812613843, 24.78407495333543, 17.01031520184993, 10.089861325385778, 6.925500705079984, 7.819091397901764, 6.720541570248157, 3.417315714554679, 8.420516665103937, 4.594875404424333, 2.8062112072215757, 5.250497841013322, 2.7606702084819927, 5.4902412823843525, 5.939262815722196, 4.825325665886712, 3.1894798707936736, 5.703886619046767, 8.917126236538097, 1.999331965591442, 4.814985158074407, 3.215568639167065, 8.022164958616175, 3.3727857104496466, 2.503248528243991, 5.244989164356318, 4.637994499290656, 3.1351916566740505, 4.351953732460729, 0.8503811915725785, 0.25874674308786066, 2.7562017406826778, 10.48383006918023, 5.6738642078389345, 5.026846021502138, 6.501888487814139, 4.613820386329112, 1.500000000000001, 4.84390267454928, 4.635427982718006, 6.216128181953242, 8.886516273927437, 3.2406436318137293, 9.982852435622062, 9.264657926303999, 4.6793860581784275, 20.60985216945584, 13.506625864772689, 22.77309150503312, 7.080682715692758, 9.302729068042693, 4.125437902780302, 7.164674254424626, 7.336661332476284, 7.266836032436717, 3.737006991463053, 6.166630551307403, 10.414935889352126, 6.786414525257763, 15.26204073897339, 9.868610327884996, 20.435156828491966, 21.029719439270348, 46.17071918918424, 208.66855581356188, 39.12460015409789, 15.812485773419164, 23.782799602003447, 6.45986772167258, 6.887615419120228, 3.5242380061663003, 9.55721086782653, 5.31755863485477, 3.415060897761858, 5.182264892325091, 3.195073200410194, 3.289930192046552, 3.709124082516143, 2.9924007423589924, 2.7788773045383404, 4.247866011472716, 1.422438128397696, 6.555616859310767, 2.667509179300431, 1.2700424802859147, 3.3542989831725696, 6.8785240733822395, 0.389999999999997, 6.8785240733822395, 3.3542989831725696, 1.2700424802859147, 2.667509179300431, 6.555616859310767, 1.422438128397696, 4.247866011472716, 2.7788773045383404, 2.9924007423589924, 3.709124082516143, 3.289930192046552, 3.195073200410194, 5.182264892325091, 3.415060897761858, 5.31755863485477, 9.55721086782653, 3.5242380061663003, 6.887615419120228, 6.45986772167258, 23.782799602003447, 15.812485773419164, 39.12460015409789, 208.66855581356188, 46.17071918918424, 21.029719439270348, 20.435156828491966, 9.868610327884996, 15.26204073897339, 6.786414525257763, 10.414935889352126, 6.166630551307403, 3.737006991463053, 7.266836032436717, 7.336661332476284, 7.164674254424626, 4.125437902780302, 9.302729068042693, 7.080682715692758, 22.77309150503312, 13.506625864772689, 20.60985216945584, 4.6793860581784275, 9.264657926303999, 9.982852435622062, 3.2406436318137293, 8.886516273927437, 6.216128181953242, 4.635427982718006, 4.84390267454928, 1.500000000000001, 4.613820386329112, 6.501888487814139, 5.026846021502138, 5.6738642078389345, 10.48383006918023, 2.7562017406826778, 0.25874674308786066, 0.8503811915725785, 4.351953732460729, 3.1351916566740505, 4.637994499290656, 5.244989164356318, 2.503248528243991, 3.3727857104496466, 8.022164958616175, 3.215568639167065, 4.814985158074407, 1.999331965591442, 8.917126236538097, 5.703886619046767, 3.1894798707936736, 4.825325665886712, 5.939262815722196, 5.4902412823843525, 2.7606702084819927, 5.250497841013322, 2.8062112072215757, 4.594875404424333, 8.420516665103937, 3.417315714554679, 6.720541570248157, 7.819091397901764, 6.925500705079984, 10.089861325385778, 17.01031520184993, 24.78407495333543, 68.69498812613843, 71.97802262444036, 22.739687553339163, 20.32322342594021, 5.334070570218682, 6.68132379295024, 9.002881799028147, 6.580502426732138, 8.65557344481584, 4.422478689084579, 8.599655807414857, 9.593446914419783, 2.490482287927299, 0.7372923436466725, 7.873253371242884, 7.387373511120272, 20.032913077643865, 38.09472835844281, 12.833354894295526, 10.50913598917212, 11.9522441339051, 3.6797076177364354, 1.8842550943158838, 5.2952097626440855, 4.421662925361125, 5.694131589912569, 2.538692008606734, 2.9548353356231325, 5.048620045954966, 10.003087447179979, 2.257293758161914, 5.278075181717442, 4.667829003689592, 4.42541221536722, 4.2525990782200855, 1.2915211584682853, 4.850440787409505, 2.926026465720357, 3.0754024623737903, 2.8945062214651065, 3.832059643247665, 4.200450774726268, 2.2287940120828713, 8.325162433680005, 2.541117277315947, 11.002603860372085, 3.115976214820678, 20.188879680224193, 2.3983329988822675, 7.012523316494914, 6.692954579307634, 10.547050180205847, 6.850344868659937, 2.1873166545005835, 2.5267436793037845, 6.576659865592214, 3.6706463180311886, 4.146244006539357, 1.613681376822003, 6.144774938866335, 3.2158052634398087, 7.767471415010006, 6.271583363644469],
     "z_max": 12.52,